AddToPlaylist	 	can you add last of the ghetto astronauts to the playlist called black sabbath the dio years	E
PlayMusic	 	please play a movement from george formby jr 	E
AddToPlaylist	 	add this artist to my electronic bliss playlist	E
AddToPlaylist	 	add toyan to my epic gaming playlist 	E
SearchCreativeWork	 	wish to see the photograph with the name live: right here	E
RateBook	 	give this novel a score of 5	E
AddToPlaylist	 	add a very cellular song to masters of metal playlist	E
PlayMusic	 	i want to hear anything from the rock symphonique genre please 	E
RateBook	 	rate this album 4 out of 6 stars	E
AddToPlaylist	 	add tierney sutton to my novedades viernes sudamérica playlist	E
SearchCreativeWork	 	wish to find the movie the heart beat	E
SearchCreativeWork	 	find me the novel with the name to lose my life …	E
RateBook	 	rate hate that cat 1 out of 6 stars 	E
SearchCreativeWork	 	search for the game difficult loves	E
AddToPlaylist	 	add martin barre to my punk unplugged playlist 	E
PlayMusic	 	play subconscious lobotomy from jennifer paull 	E
PlayMusic	 	play some anneliese van der pol from the thirties on groove shark	E
PlayMusic	 	can you put on like a hurricane by paul landers	E
RateBook	 	give hindu temples: what happened to them a 5 out of 6 stars 	E
SearchCreativeWork	 	please search for the journal of official statistics show 	E
RateBook	 	give the current chronicle five of 6 points	E
RateBook	 	give zero out of 6 stars to this album	E
SearchCreativeWork	 	search for appalachian journey	E
SearchCreativeWork	 	please fine me the tv series  now we are married 	E
PlayMusic	 	play something on last fm	E
PlayMusic	 	play music off netflix 	E
AddToPlaylist	 	put petar georgiev kalica onto the old school hip hop playlist 	E
AddToPlaylist	 	add the song to the mac  n cheese playlist 	E
AddToPlaylist	 	add abacab to beryl s party on fridays playlist	E
SearchCreativeWork	 	can you get me the controlled conversations tv series	E
SearchScreeningEvent	 	fine the movie schedules for the wanda group 	E
SearchCreativeWork	 	look for the television show meet the prince	E
RateBook	 	give wilco: learning how to die a rating of four points 	E
SearchCreativeWork	 	please find me the classified book 	E
RateBook	 	give 4 out of 6 points to the spirit ring chronicle	E
AddToPlaylist	 	add brazilian flag anthem to top 100 alternative tracks on spotify	E
PlayMusic	 	play paul mccartney	E
PlayMusic	 	play trance life on zvooq 	E
PlayMusic	 	open deezer and play curtain call: the hits by junichi okada 	E
SearchCreativeWork	 	look for the album slave to the grind	E
SearchScreeningEvent	 	show the sexy dance 2 times at the  closest movie house	E
RateBook	 	rate this book a 1 	E
SearchScreeningEvent	 	i want to see shattered image 	E
SearchCreativeWork	 	can you find me the national anthem of the ancient britons television show	E
SearchScreeningEvent	 	show the movie schedules in the neighborhood	E
RateBook	 	give my current book one of 6 stars	E
RateBook	 	rate the current series a 4	E
SearchScreeningEvent	 	show me southern theatres movie times	E
AddToPlaylist	 	add the boy george track to the emo forever playlist 	E
PlayMusic	 	play some movement from the fourties	E
AddToPlaylist	 	add digging now to my young at heart playlist	E
RateBook	 	give this textbook 0 out of 6 stars	E
RateBook	 	rate the current novel zero out of 6	E
PlayMusic	 	go to itunes and play dr  lecter by david hodges	E
AddToPlaylist	 	i need to add to my infinite indie folk list the works of rahim shah	E
SearchCreativeWork	 	can you find me  hey man	E
AddToPlaylist	 	to the travelling playlist  please add this david gahan song 	E
SearchCreativeWork	 	can you find me the work titled music for millions	E
PlayMusic	 	play some new les vandyke on slacker	E
RateBook	 	rate this current novel two out of 6 	E
SearchScreeningEvent	 	find the schedule for great mail robbery 	E
PlayMusic	 	play an album from nithyasree mahadevan 	E
PlayMusic	 	play a song by rahsaan patterson 	E
SearchCreativeWork	 	please find me the video game titled 20 hours in america 	E
AddToPlaylist	 	add this artist to fairy tales playlist	E
RateBook	 	rate a twist in the tale zero out of 6 points	E
RateBook	 	rate ruth five out of 6 points 	E
AddToPlaylist	 	add roel van velzen to my party of the century playlist 	E
SearchCreativeWork	 	find me a tv show called baby blue	E
SearchCreativeWork	 	need a creative work called hit by love	E
SearchCreativeWork	 	please search for switched 	E
SearchCreativeWork	 	can you look up the molecular oncology saga	E
PlayMusic	 	use groove shark to play music	E
RateBook	 	give this textbook four stars 	E
RateBook	 	give monthly index of medical specialities a two out of 6 rating 	E
RateBook	 	mark this album a score of 5	E
PlayMusic	 	use the last fm service to play a mis niños de 30	E
SearchCreativeWork	 	please help me search the hell money saga 	E
RateBook	 	rate this saga two out of 6 	E
SearchCreativeWork	 	please search for the tv show  the best of white lion 	E
AddToPlaylist	 	can you add the current tune to my calm before the storm playlist	E
RateBook	 	rate this saga two out of 6 	E
AddToPlaylist	 	please add this track by paul mcguigan to the deep house playlist 	E
AddToPlaylist	 	add the album to my flow español playlist 	E
AddToPlaylist	 	add farhad darya songs in virales de siempre	E
SearchScreeningEvent	 	i need animated movies in the area for dinner time	E
PlayMusic	 	play the newest melody on last fm by eddie vinson 	E
AddToPlaylist	 	add tommy johnson to the metalsucks playlist	E
AddToPlaylist	 	add muzika za decu to my crash course playlist	E
SearchScreeningEvent	 	i want to see doa: dead or alive at loews cineplex entertainment 	E
PlayMusic	 	can you play a j  pero on groove shark	E
AddToPlaylist	 	add jerry calliste  jr to my te quiero playlist 	E
SearchScreeningEvent	 	what are the movie schedules in the neighborhood	E
PlayMusic	 	play the most popular puretone	E
RateBook	 	rate this novel 3 out of 6 points	E
SearchCreativeWork	 	please search the live from leeds album 	E
RateBook	 	rate the mystery of the tolling bell series 4 stars 	E
RateBook	 	give zero out of 6 to the current album	E
AddToPlaylist	 	add this album to old school death metal	E
PlayMusic	 	let me hear chris knight music	E
AddToPlaylist	 	add our little corner of the world music from gilmore girls to my the funny thing about football is playlist 	E
SearchCreativeWork	 	find the creative work the devil in stitches	E
SearchCreativeWork	 	look for the tv series jersey boys	E
SearchCreativeWork	 	can you find me the ridiculous 6 book	E
AddToPlaylist	 	add the matt murphy tune to the flow español playlist 	E
SearchScreeningEvent	 	check the schedule for bow tie cinemas 	E
SearchScreeningEvent	 	show the closest movie theatre that shows boycott	E
SearchScreeningEvent	 	i want to see the portrait of a lady at the nearest cinema 	E
PlayMusic	 	play seventies music please 	E
PlayMusic	 	play something from 2004 by imogen heap on spotify	E
SearchScreeningEvent	 	what are the movie times	E
SearchCreativeWork	 	can you please find me the harry hood saga	E
AddToPlaylist	 	i need to add baro ferret to the urban hits under my name	E
SearchCreativeWork	 	please search for the painting titled this is the night 	E
PlayMusic	 	play a sixties soundtrack	E
SearchCreativeWork	 	please look up the johnny english - la rinascita painting 	E
SearchCreativeWork	 	find the album orphan girl at the cemetery	E
PlayMusic	 	i want to hear soundtrack music on youtube from helena iren michaelsen	E
SearchScreeningEvent	 	is babar: king of the elephants playing 	E
SearchCreativeWork	 	look for the album wolves within	E
SearchScreeningEvent	 	find the schedule at star theatres 	E
AddToPlaylist	 	add the album to the hipster soul playlist 	E
SearchCreativeWork	 	get me the procession of ants tv show 	E
SearchCreativeWork	 	can you find me cracks the safe	E
AddToPlaylist	 	add recalled to life to this is alejandro fernández	E
SearchScreeningEvent	 	i want to see fear chamber 	E
SearchScreeningEvent	 	find the movie schedule close by	E
SearchScreeningEvent	 	give me the movie schedule nearby	E
PlayMusic	 	play chant by nigger kojak on itunes	E
SearchScreeningEvent	 	i want to see medal for the general	E
PlayMusic	 	let s hear good mohammad mamle on vimeo 	E
PlayMusic	 	play a symphony from 2013 	E
RateBook	 	give the current series four of 6 points 	E
AddToPlaylist	 	add a derek watkins tune to this is johnny cash	E
RateBook	 	give wilco: learning how to die a rating of four points 	E
AddToPlaylist	 	i d like to have this track onto my classical relaxations playlist 	E
RateBook	 	rate this current album 0 stars	E
PlayMusic	 	play all things must pass 	E
PlayMusic	 	play the top twenty hisham abbas on youtube	E
SearchScreeningEvent	 	is rare birds showing at the nearest movie theatre at noon 	E
SearchScreeningEvent	 	find the movie schedules at goodrich quality theaters 	E
PlayMusic	 	play the best becca	E
RateBook	 	i would rate theft: a love story four out of 6 stars 	E
SearchScreeningEvent	 	is any cinema playing the spirit of youth	E
SearchCreativeWork	 	find the television show to me	E
SearchScreeningEvent	 	is the nightmare showing six hours from now at the nearest cinema 	E
SearchScreeningEvent	 	find the nearest cinema with movies playing	E
SearchScreeningEvent	 	what s the movie schedule for great escape theatres	E
AddToPlaylist	 	i d like to add jordan rudess onto the divertido para niños playlist 	E
SearchScreeningEvent	 	i need to find the movie theatre showing the crooked web closest to me	E
PlayMusic	 	i want to hear leroi moore on vimeo   play the song chance of a lifetime 	E
RateBook	 	give 5 of 6 stars to expressive processing	E
SearchCreativeWork	 	looking for a novel called death march	E
PlayMusic	 	play music by joy nilo 	E
PlayMusic	 	play another passenger from louis nelson delisle 	E
SearchScreeningEvent	 	i want to see i dream of jeanie in a movie theatre	E
PlayMusic	 	nineties songs on zvooq	E
SearchScreeningEvent	 	where can i find the movie schedules	E
SearchCreativeWork	 	find the creative work deadly weapons	E
RateBook	 	rate this chronicle 0 points	E
SearchScreeningEvent	 	show me the schedule for the oblong box	E
SearchScreeningEvent	 	is american primitive showing in santikos theatres	E
SearchCreativeWork	 	please find me the work  serious awesomeness 	E
AddToPlaylist	 	add the current track to my this is tchaikovsky playlist	E
AddToPlaylist	 	can i put this tune onto my sin estrés playlist	E
SearchScreeningEvent	 	i want to see while the sun shines at the closest movie house 	E
PlayMusic	 	play a john maher track	E
PlayMusic	 	please play something good from u-roy   any song from 1975 on zvooq will do 	E
SearchCreativeWork	 	please get me the henderson kids saga 	E
RateBook	 	give 0 rating to in the heart of the country	E
SearchScreeningEvent	 	i need a list of speakeasy theaters movie times	E
SearchCreativeWork	 	please find me the journal of the british astronomical association movie 	E
RateBook	 	give this album 5 points 	E
AddToPlaylist	 	add the track to the work playlist 	E
AddToPlaylist	 	add annesley malewana album to playlist indietronic	E
RateBook	 	rate black boy 4 out of 6	E
AddToPlaylist	 	i d like for you to add bobby brown to my enamorándose playlist 	E
SearchScreeningEvent	 	what are the movie schedules for my favorite theaters 	E
AddToPlaylist	 	add the album to my club hits playlist 	E
RateBook	 	rate this album four out of 6 stars	E
AddToPlaylist	 	add kent james to the disney soundtrack 	E
AddToPlaylist	 	put the artist onto top latin alternative 	E
SearchScreeningEvent	 	is rumor has it playing	E
RateBook	 	rate the book the atmospheric railway 5 out of 6	E
RateBook	 	give zero stars to halo: ghosts of onyx	E
AddToPlaylist	 	add a track to jazzy dinner	E
PlayMusic	 	play something from 90s pop rock essentials	E
RateBook	 	out of 6  give rivers of babylon a 1	E
RateBook	 	rate the 8-week cholesterol cure three out of 6 	E
SearchScreeningEvent	 	i want to know if there are any movies playing in the area 	E
SearchScreeningEvent	 	what are the movie times	E
PlayMusic	 	play some symphony music from david lindley 	E
PlayMusic	 	play music from e-type 	E
SearchScreeningEvent	 	find the movie times at harkins theatres 	E
SearchScreeningEvent	 	is bartok the magnificent playing at seven am	E
AddToPlaylist	 	add jack white to my playlist this is shakira	E
SearchCreativeWork	 	please get me the dead soul saga 	E
RateBook	 	give zero stars to rhialto the marvellous	E
RateBook	 	give two stars out of 6 to 36 children	E
AddToPlaylist	 	add ted heath to the road trip playlist 	E
PlayMusic	 	play something by duke ellington from the seventies	E
PlayMusic	 	i want to listen to something on youtube	E
SearchCreativeWork	 	look for the show v-the new mythology suite	E
AddToPlaylist	 	add andy hunter to my evening commute playlist 	E
RateBook	 	rate the gift: imagination and the erotic life of property five stars	E
SearchCreativeWork	 	can you find me the blue spring trailer	E
SearchScreeningEvent	 	what is the nearest movie house with window connection playing at lunch	E
AddToPlaylist	 	add the album to the the sweet suite playlist 	E
SearchScreeningEvent	 	show me the movie schedule in the neighbourhood 	E
RateBook	 	reminiscences of the anti-japanese guerillas chronicle deserves zero points out of 6 for a rating 	E
RateBook	 	give five out of 6 points to this album	E
PlayMusic	 	play jill sobule album	E
SearchScreeningEvent	 	movie schedules close by for animated movies	E
SearchScreeningEvent	 	show me the movies at harkins theatres 	E
SearchScreeningEvent	 	can i see ellis island revisited in 1 minute	E
RateBook	 	rate this textbook a one 	E
SearchScreeningEvent	 	when is the fox and the child playing in this cinema	E
SearchScreeningEvent	 	what movies are playing close by	E
SearchScreeningEvent	 	what films are playing close by	E
SearchCreativeWork	 	looking for the picture with the name of who made stevie crye	E
PlayMusic	 	play music from 1996 	E
RateBook	 	rate cotton comes to harlem a 2	E
SearchScreeningEvent	 	can i get the movie times	E
PlayMusic	 	proceed with hitomi nabatame music from 2003 	E
AddToPlaylist	 	can you put this song from yutaka ozaki onto my this is miles davis playlist	E
AddToPlaylist	 	add the famous flower of serving-men to my evening acoustic playlist 	E
RateBook	 	rate soul music a 0 	E
AddToPlaylist	 	add the track to the drum & breaks playlist 	E
SearchCreativeWork	 	please help me find  bend it like beckham the musical 	E
SearchCreativeWork	 	please look up the work  prophets 	E
PlayMusic	 	let s hear stuff from andrew hewitt 	E
PlayMusic	 	i want to hear them from the artist murcof	E
SearchScreeningEvent	 	what movies at star theatres 	E
PlayMusic	 	let me hear the good songs from james iha	E
RateBook	 	give this novel 2 stars	E
AddToPlaylist	 	for my fantastic workout can you add sara bareilles	E
SearchScreeningEvent	 	is the two gladiators playing	E
AddToPlaylist	 	add this artist to showstopper being mary jane	E
PlayMusic	 	open itunes and play ben burnley ready to die	E
RateBook	 	rate the guilty 0 of 6 points	E
SearchScreeningEvent	 	show me the schedule of movie the great gildersleeve near movie house	E
PlayMusic	 	play music from lynn & wade llp 	E
PlayMusic	 	play this is: miles davis on lastfm 	E
AddToPlaylist	 	add the artist to my dishwashing playlist 	E
SearchScreeningEvent	 	find the films at century theatres 	E
AddToPlaylist	 	add this artist to my spotlight on country 2016 playlist	E
RateBook	 	give the american scene 2 of 6 stars	E
AddToPlaylist	 	add porter wagoner to the the sleep machine waterscapes playlist 	E
RateBook	 	give summer of the swans 1 points 	E
RateBook	 	give the giant devil dingo 4 points 	E
AddToPlaylist	 	add the album to the hot 50 playlist 	E
SearchScreeningEvent	 	will i think i do be playing at 7 pm	E
SearchCreativeWork	 	please find me the olympia 74 soundtrack 	E
AddToPlaylist	 	add the artist pete murray to my relaxing playlist	E
AddToPlaylist	 	add lofty fake anagram to the la mejor música de bso playlist 	E
RateBook	 	give zero stars to this textbook	E
RateBook	 	give one of 6 points to who will cry when you die	E
SearchCreativeWork	 	looking for a painting with the title with you	E
SearchScreeningEvent	 	i want a movie schedule 	E
SearchScreeningEvent	 	what films are playing close by	E
SearchCreativeWork	 	find the tv show the daydreamer	E
SearchScreeningEvent	 	is the eye – infinity playing at general cinema corporation	E
PlayMusic	 	play dance with the devil by mr  lordi	E
PlayMusic	 	please play my ecstatic playlist 	E
RateBook	 	rate in the company of cheerful ladies a zero out of 6	E
AddToPlaylist	 	add this song by too poetic to my piano ballads playlist	E
AddToPlaylist	 	add a song to my playlist madden nfl 16	E
SearchCreativeWork	 	looking for a song with the title of live at the kings center	E
RateBook	 	rate the further adventures of the joker four stars	E
PlayMusic	 	i want to hear a seventies sound track 	E
SearchCreativeWork	 	please search the game atla: all this life allows 	E
AddToPlaylist	 	add ireland in the junior eurovision song contest 2015 to my jazzy dinner playlist	E
AddToPlaylist	 	put jean philippe goncalves onto my running to rock 170 to 190 bpm 	E
PlayMusic	 	play anything jd natasha did in the thirties	E
SearchCreativeWork	 	please get me the compulsive disclosure song 	E
SearchScreeningEvent	 	what movies are showing now at the closest cinema	E
RateBook	 	rate this textbook four out of 6	E
AddToPlaylist	 	add a track to playlist cena con amigos	E
RateBook	 	rate neverwhere four out of 6	E
SearchScreeningEvent	 	find the movie schedules for regal entertainment group 	E
RateBook	 	give a rating of 2 to juneteenth 	E
SearchScreeningEvent	 	is we are northern lights playing in any movie theatre	E
RateBook	 	give 4 points to the person and the common good	E
SearchScreeningEvent	 	what are the movies showing in the neighbourhood 	E
PlayMusic	 	play a good ep from the eighties by peter murphy 	E
AddToPlaylist	 	add nuba to my metal party playlist	E
PlayMusic	 	let s play jamie robertson s handover on vimeo 	E
AddToPlaylist	 	i d like for kasey chambers s tune to be an addition to my chips and salsa playlist 	E
PlayMusic	 	play a fifties album from dj yoda on last fm 	E
RateBook	 	rate the current novel 5 of 6 stars	E
SearchCreativeWork	 	i m looking for welcome to the canteen	E
SearchScreeningEvent	 	find the schedule for the comedian at santikos theatres 	E
PlayMusic	 	play some sixties songs on google music	E
SearchCreativeWork	 	find the creative work face down	E
SearchCreativeWork	 	can you search the book  paris - when it sizzles	E
AddToPlaylist	 	add emilie autumn to my nação reggae playlist 	E
RateBook	 	give joe magarac and his usa citizen papers 5 points	E
RateBook	 	rate this essay a 1	E
AddToPlaylist	 	add the song to my we everywhere playlist	E
SearchCreativeWork	 	please look up the tv show  vanity 	E
SearchCreativeWork	 	i wish to watch the fold trailer  please search 	E
SearchScreeningEvent	 	what are the times for the gingerbread man	E
PlayMusic	 	play some seventies filipp kirkorow	E
SearchCreativeWork	 	can you find me the free for all show	E
SearchCreativeWork	 	can you find the creative works associated with caryl & marilyn: real friends	E
PlayMusic	 	live in l a joseph meyer please	E
SearchScreeningEvent	 	is the ghost playing	E
RateBook	 	rate the current essay zero out of 6 stars	E
PlayMusic	 	play an ep from mike harding 	E
SearchCreativeWork	 	find me the soundtrack live at the greek theatre	E
RateBook	 	give one start to the current book	E
PlayMusic	 	play s t r e e t  d a d  from hiromitsu agatsuma through pandora 	E
SearchScreeningEvent	 	find animated movies close by	E
AddToPlaylist	 	add an artist to jukebox boogie rhythm & blues	E
PlayMusic	 	play the top-20 nawang khechog soundtrack	E
SearchScreeningEvent	 	i want to see outcast 	E
AddToPlaylist	 	can you add larry heard to my laundry playlist	E
RateBook	 	give the current book 4 stars	E
SearchCreativeWork	 	please look up three essays on the theory of sexuality show 	E
RateBook	 	rate the current novel a 4 out of 6 stars 	E
RateBook	 	rate this novel 2 out of 6 points	E
SearchScreeningEvent	 	is patrick still lives showing at amc theaters	E
AddToPlaylist	 	add the chris clark tune to my women of the blues playlist 	E
RateBook	 	rate the three junes one out of 6	E
PlayMusic	 	play modern psychedelia 	E
SearchCreativeWork	 	looking for a game called phinally phamous	E
RateBook	 	give the zenith angle one out of 6 points	E
SearchCreativeWork	 	can you find me the work  bible translations into hawaii pidgin	E
SearchCreativeWork	 	please look up the song the mad magician 	E
SearchCreativeWork	 	get me the trailer of good morning sunshine	E
RateBook	 	rate the current series four stars 	E
SearchScreeningEvent	 	i need times for a yiddish world remembered at dipson theatres	E
AddToPlaylist	 	add track in my playlist called hands up	E
AddToPlaylist	 	add the artist to the political punks playlist 	E
RateBook	 	give 1 out of 6 rating to the current textbook	E
AddToPlaylist	 	add we have a theme song to my house afterwork playlist	E
SearchScreeningEvent	 	find the schedule at the douglas theatre company 	E
RateBook	 	rate the sneetches and other stories a three	E
AddToPlaylist	 	add richard mcnamara newest song to the just smile playlist	E
SearchCreativeWork	 	can you find me the almost human painting	E
AddToPlaylist	 	put abe laboriel onto the escapada playlist 	E
SearchScreeningEvent	 	find the movie schedule in the area 	E
SearchScreeningEvent	 	what are the movie times for animated movies in the neighbourhood	E
RateBook	 	give four stars to the broken window	E
PlayMusic	 	play something on zvooq	E
AddToPlaylist	 	put vandemataram srinivas s track onto hiphop hot 50 	E
AddToPlaylist	 	add jo stafford music to the workout twerkout playlist	E
RateBook	 	rate the current series 4 points	E
AddToPlaylist	 	please add the image of you to my playlist crate diggers anonymous	E
SearchScreeningEvent	 	what times will the young swordsman be showing at my cinema	E
RateBook	 	give small screen  big picture a 0 out of 6 rating 	E
SearchCreativeWork	 	please get me the sacred and profane love machine game 	E
RateBook	 	rate know ye not agincourt 2 out of 6 stars	E
PlayMusic	 	please play a sound track from the fifties that s on iheart	E
AddToPlaylist	 	add a song to indie hipster	E
SearchCreativeWork	 	can you find the american bison photograph	E
SearchScreeningEvent	 	where s the nearest movie house showing foreign films	E
SearchScreeningEvent	 	is what a wonderful place showing at cinemark theatres	E
AddToPlaylist	 	add the album to the might and myth power metal playlist 	E
SearchCreativeWork	 	please search for mary 	E
PlayMusic	 	play some gary lee conner	E
SearchCreativeWork	 	please help me find the late night heartbroken blues television show 	E
RateBook	 	give this novel a 1 	E
RateBook	 	rate the adventures of augie march one points	E
RateBook	 	give the current novel two stars 	E
SearchCreativeWork	 	please search for the television show  episodi di the blacklist 	E
SearchScreeningEvent	 	is without witness playing twenty two hours from now	E
SearchScreeningEvent	 	when is the outer space connection playing at the nearest cinema 	E
RateBook	 	rate the sea of trolls 1 stars out of 6	E
PlayMusic	 	play chant s from 1973 	E
AddToPlaylist	 	add the artist adam deibert to my perfect concentration playlist 	E
SearchScreeningEvent	 	show the movie times for animated movies in the neighbourhood	E
AddToPlaylist	 	add the song virales de siempre by the cary brothers to my gym playlist 	E
SearchScreeningEvent	 	give me the movies in the neighborhood 	E
SearchCreativeWork	 	please search the an introduction to karl marx painting 	E
PlayMusic	 	play the greatest music from bryan maclean 	E
SearchCreativeWork	 	looking for a creative work called plant ecology	E
SearchScreeningEvent	 	find the movie schedule for north american cinemas in eleven seconds 	E
RateBook	 	gods and pawns should get a three	E
RateBook	 	give a four rating to a world apart 	E
SearchCreativeWork	 	please look up the novel  live to dance 	E
PlayMusic	 	i want to play music from iheart	E
AddToPlaylist	 	add this tune to dorthy s 80 s party playlist	E
SearchCreativeWork	 	get me the secret south song 	E
SearchScreeningEvent	 	may i have the movie schedules for speakeasy theaters	E
SearchScreeningEvent	 	show the animated movies playing in the neighbourhood	E
RateBook	 	rate the current novel 3 stars	E
SearchCreativeWork	 	get me the elvis  christmas album tv show 	E
AddToPlaylist	 	add give us rest to my 70s smash hits playlist 	E
RateBook	 	rate current novel one stars 	E
SearchScreeningEvent	 	show the times for cheers for miss bishop at dipson theatres 	E
PlayMusic	 	can you play top zvooq by fink	E
PlayMusic	 	please tune into chieko ochi s good music	E
RateBook	 	rate the children of niobe 1 out of 6 points 	E
SearchScreeningEvent	 	i want to see married to the enemy 2 at a cinema 	E
SearchCreativeWork	 	search for the trailer for the office	E
PlayMusic	 	play sound track music from the twenties	E
SearchCreativeWork	 	please find me the saga  the deep six 	E
RateBook	 	rate the current textbook 1 out of 6	E
RateBook	 	rate the ghost house series a one	E
PlayMusic	 	play my inventive playlist	E
AddToPlaylist	 	add this tune to my sleepify playlist	E
SearchScreeningEvent	 	i want animated movies at mjr theatres	E
RateBook	 	rate this book 3 stars out of 6	E
SearchCreativeWork	 	please look up the work  bachelor pad 	E
AddToPlaylist	 	add this album to the spanish beat playlist	E
AddToPlaylist	 	add michael wittig music to country icon playlist	E
PlayMusic	 	i want to hear music from allen toussaint from the fifties	E
PlayMusic	 	play some blues britânico 	E
SearchCreativeWork	 	please search the woodsmen of the west 	E
PlayMusic	 	play have you met miss jones by nicole from google music 	E
SearchCreativeWork	 	please look up and find me monty python live at the hollywood bowl 	E
SearchCreativeWork	 	please look up the tv series parables for wooden ears 	E
SearchScreeningEvent	 	where can i see the prime ministers: the pioneers	E
SearchCreativeWork	 	can you find me the sword with no name trailer	E
AddToPlaylist	 	add the artist mike to the sexy as folk playlist 	E
SearchCreativeWork	 	can you get me the message from god saga	E
SearchScreeningEvent	 	is the unnaturals showing at 13 	E
PlayMusic	 	start playing something from iheart	E
PlayMusic	 	please play something catchy on youtube	E
PlayMusic	 	play a bob burns song	E
PlayMusic	 	play music by brian chase 	E
AddToPlaylist	 	add sarah slean to my playlist mellowed out gaming	E
AddToPlaylist	 	add beyond the valley of 1984 in playlist folk music at the gaslight café	E
SearchCreativeWork	 	find the movie splendor in the grass	E
RateBook	 	rate the current novel a 2	E
SearchCreativeWork	 	am looking for a book with the title free to play	E
SearchScreeningEvent	 	i want to see jla adventures: trapped in time	E
SearchCreativeWork	 	could you find the tv series the approach	E
PlayMusic	 	play my black sabbath: the dio years playlist 	E
RateBook	 	give the catedral series four stars 	E
SearchScreeningEvent	 	i need films in the neighborhood	E
PlayMusic	 	play an ep by zak starkey 	E
SearchScreeningEvent	 	show me the movie times for films  nearby	E
PlayMusic	 	please play something from dihan slabbert that s on the top fifty	E
SearchCreativeWork	 	find four songs	E
AddToPlaylist	 	add the 40 cal tune to the laundry playlist 	E
SearchScreeningEvent	 	can you check the timings for super sweet 16: the movie	E
SearchScreeningEvent	 	what s the movie schedule	E
PlayMusic	 	please play a 1997 record 	E
SearchCreativeWork	 	need the creative work called the logic of scientific discovery	E
SearchCreativeWork	 	can you please find me the saga chump change	E
AddToPlaylist	 	please add some pete townshend to my playlist fiesta hits con lali	E
AddToPlaylist	 	add millie corretjer to the rhythm playlist	E
SearchCreativeWork	 	find a creative work called fire in the hole	E
SearchCreativeWork	 	look for the book the girl who was plugged in 	E
PlayMusic	 	play the happy blues by ronnie wood 	E
SearchScreeningEvent	 	what are some close by animated movies showing	E
SearchCreativeWork	 	please look up show-biz blues photograph 	E
RateBook	 	rate the lives of john lennon five points	E
AddToPlaylist	 	add this track to my hands up playlist	E
SearchCreativeWork	 	please find me the projekt: the new face of goth 	E
SearchScreeningEvent	 	check the timings for snowbound at the closest movie theatre 	E
SearchCreativeWork	 	could you locate the epic conditions picture	E
AddToPlaylist	 	can you put the artist giovanni giacomo gastoldi onto the chill out music playlist	E
PlayMusic	 	play a song by ramesh narayan from 1960	E
AddToPlaylist	 	add jonathan sprout album to my this is miranda lambert playlist	E
SearchCreativeWork	 	can you find me the work  the curse of oak island	E
SearchScreeningEvent	 	is any which way you can playing in 15 seconds	E
PlayMusic	 	please open zvooq	E
PlayMusic	 	put what color is your sky by alana davis on the stereo 	E
RateBook	 	give the current textbook a rating of five 	E
AddToPlaylist	 	a very cellular song needs to be added to my masters of metal playlist	E
SearchScreeningEvent	 	show me the schedule for arclight hollywood for only animated movies	E
SearchCreativeWork	 	search for the sound of one hand clapping	E
SearchScreeningEvent	 	can i get the times for movies in the neighbourhood	E
SearchCreativeWork	 	can you search the daring youth saga	E
RateBook	 	give the current book a zero of 6	E
AddToPlaylist	 	add the album to my perfect concentration playlist 	E
RateBook	 	rate personal demons 0 out of 6 points	E
RateBook	 	give this chronicle a 2 rating 	E
SearchScreeningEvent	 	is no time to be young showing at amc theaters	E
SearchScreeningEvent	 	what are the movie times at caribbean cinemas	E
RateBook	 	rate this book a 4 out of 6	E
AddToPlaylist	 	add highway patrolman in my playlist this is al green	E
PlayMusic	 	play music from van-pires by dmitry malikov 	E
PlayMusic	 	turn on last fm	E
PlayMusic	 	play femme fatale by bonobo	E
PlayMusic	 	play music from the artist sean yseult and sort it through top-50	E
RateBook	 	give a brief stop on the road from auschwitz 1 out of 6 stars	E
AddToPlaylist	 	add a song to this is racionais mc s	E
RateBook	 	give the crystal snare 5 stars	E
SearchCreativeWork	 	please find me phineas redux 	E
PlayMusic	 	please play something on iheart from artist ari gold last album	E
PlayMusic	 	i want to listen to an ep from 1998 	E
PlayMusic	 	play progressive metal 	E
SearchCreativeWork	 	can you please get me the book dracula 5: the blood legacy	E
SearchScreeningEvent	 	show me the schedule for rat rod rockers	E
PlayMusic	 	find and play a concerto on zvooq from 1978 by ginger pooley	E
SearchScreeningEvent	 	what s the movie schedule at great escape theatres	E
PlayMusic	 	play the top music from the railway children off last fm 	E
RateBook	 	rate the chronicle current 1 star	E
SearchCreativeWork	 	find me the soundtrack a honeymoon adventure	E
AddToPlaylist	 	onto jerry s classical moments in movies  please add the album 	E
AddToPlaylist	 	add a song in my all out 60s	E
SearchScreeningEvent	 	is cowboy canteen playing	E
PlayMusic	 	play rich sex on iheart	E
SearchScreeningEvent	 	i want to see those kids from town  when will it be showing	E
SearchCreativeWork	 	search for the tv show  a lawless street 	E
RateBook	 	give this album one stars	E
