RateBook	 	i rate secret water as a 4 	E
AddToPlaylist	 	can you add blood on the face to the playlist called heartland country	E
AddToPlaylist	 	add lisa m to my guitar hero live playlist	E
AddToPlaylist	 	add a track to the another glass playlist 	E
SearchScreeningEvent	 	find movie times	E
RateBook	 	give this chronicle a 4	E
SearchScreeningEvent	 	what time is phil ochs: there but for fortune playing at the movie house	E
RateBook	 	rate this album a 2	E
SearchCreativeWork	 	where can i find conduct unbecoming	E
SearchScreeningEvent	 	find animated movies close by with a movie schedule	E
AddToPlaylist	 	add this tune to my dinnertime acoustics list	E
PlayMusic	 	play jawad ahmad	E
SearchScreeningEvent	 	is romulus and the sabines playing at the nearest cinema at ten	E
AddToPlaylist	 	add strong to the metal monday playlist	E
AddToPlaylist	 	add gary lachman track to jazz for loving couples playlist	E
RateBook	 	rate the little book four stars	E
AddToPlaylist	 	can you put a song by jessica mauboy on my playlist entitled a sudden rainstorm	E
RateBook	 	give 4 points to this novel	E
AddToPlaylist	 	add this tune to the refugee playlist	E
SearchCreativeWork	 	play the caps lock trailer	E
AddToPlaylist	 	i d like to put qriii onto songs to sing in the car 	E
PlayMusic	 	play a top 5 song from wally bastian on google music	E
SearchScreeningEvent	 	what are the movie schedules	E
SearchScreeningEvent	 	which movies are playing at the closest cinema	E
PlayMusic	 	play music on youtube	E
AddToPlaylist	 	add justin mcroberts to this is chopin	E
RateBook	 	i would rate the persistence of vision 1 stars and a best rating of 6	E
AddToPlaylist	 	add this tune by rod argent to propuesta alternativa playlist	E
SearchScreeningEvent	 	find now and forever	E
PlayMusic	 	play how does it work by helen carter 	E
PlayMusic	 	play some steve boyett chant music	E
SearchScreeningEvent	 	are there movies at malco theatres	E
PlayMusic	 	play the insoc ep	E
AddToPlaylist	 	add this album by karl davydov to reyna s this is luis fonsi playlist	E
SearchScreeningEvent	 	list movie times at megaplex theatres	E
SearchScreeningEvent	 	i d like to watch take this waltz	E
SearchCreativeWork	 	find the gill deacon show 	E
SearchCreativeWork	 	can you find me the naked city – justice with a bullet album	E
RateBook	 	rate the current novel four of 6 stars	E
SearchCreativeWork	 	play the electrochemical and solid state letters song	E
AddToPlaylist	 	add tune to atmospheric black metal playlist	E
PlayMusic	 	play my playlist tgif on itunes	E
AddToPlaylist	 	add this tune to my weekend playlist	E
SearchCreativeWork	 	find the game company of heroes	E
SearchCreativeWork	 	i m looking for the tv series  called unborn	E
PlayMusic	 	play the song i get ideas as performed by richard kruspe	E
RateBook	 	rate the lie tree five	E
SearchCreativeWork	 	find a tv show called revenge of the nerds 	E
PlayMusic	 	i want to hear some songs from the twenties	E
AddToPlaylist	 	add this track to the sin ti playlist	E
SearchScreeningEvent	 	show me the new showings for animated movies in the neighborhood	E
SearchCreativeWork	 	play the tv series heart of gold	E
AddToPlaylist	 	put lindsey cardinale into my hillary clinton s women s history month playlist  	E
RateBook	 	rate if tomorrow comes 2 of 6 stars	E
RateBook	 	cock-a-doodle-doo was awful  i m giving it a 0 out of 6 	E
SearchCreativeWork	 	show me the courts of chaos	E
RateBook	 	rate the current chronicle five stars	E
SearchScreeningEvent	 	where can i find paranormal activity 3 playing near me 1 hour from now	E
AddToPlaylist	 	add this song to this is no te va gustar playlist	E
SearchCreativeWork	 	can you find me a trailer for phineas redux	E
SearchCreativeWork	 	find the ghost of tom joad	E
SearchCreativeWork	 	how do i get the game still on it	E
SearchCreativeWork	 	i m looking for dead at 21  the tv series	E
SearchCreativeWork	 	please search the work  eve-olution 	E
RateBook	 	the current textbook gets a 2 rating  	E
SearchScreeningEvent	 	find a movie schedule	E
SearchScreeningEvent	 	find movie schedules 	E
SearchScreeningEvent	 	find the schedule for films at night at great escape theatres 	E
SearchCreativeWork	 	i d like to see the picture the principle of hope	E
SearchScreeningEvent	 	find the schedule for nearby animated movies 	E
SearchScreeningEvent	 	when is crime and punishment u s a  showing	E
AddToPlaylist	 	add this tune to cristina s endorphin rush playlist	E
AddToPlaylist	 	add garry shider album to my classical essentials	E
SearchCreativeWork	 	show me the tv show limit of love: umizaru	E
SearchScreeningEvent	 	what movies are playing dickinson theatres	E
SearchCreativeWork	 	can you get me the trailer of the multiversity	E
SearchScreeningEvent	 	i d like to watch apocalypse 2024	E
AddToPlaylist	 	add cecil womack to my 50 great female voices playlist 	E
SearchCreativeWork	 	find me a movie with the name oshin	E
SearchScreeningEvent	 	can i get the movie times	E
PlayMusic	 	play this is colour by panda bear	E
SearchScreeningEvent	 	show the movie schedule of animated movies close by	E
AddToPlaylist	 	add the singer ivan roudyk to my fairy tales playlists 	E
SearchCreativeWork	 	find a soundtrack called pax warrior	E
PlayMusic	 	play me a cinder block movement	E
RateBook	 	rate this album 5 points	E
RateBook	 	give 1 out of 6 points to this novel	E
AddToPlaylist	 	put no mystery into my punk essentials playlist  	E
SearchCreativeWork	 	play the album journeyman	E
SearchScreeningEvent	 	show me movie schedules for today 	E
PlayMusic	 	play me a top-ten song by phil ochs on groove shark	E
SearchCreativeWork	 	shw the picture twin husbands	E
AddToPlaylist	 	put a gary clark song into the soul bpm playlist  	E
SearchScreeningEvent	 	what is the local movie schedule	E
SearchCreativeWork	 	find doggy day school  an album	E
PlayMusic	 	play the god that failed on vimeo 	E
RateBook	 	i am giving this current book album 0 out of 6 stars	E
SearchScreeningEvent	 	what movies are around here	E
PlayMusic	 	play clásicos del hip hop español	E
PlayMusic	 	play shinji miyazaki s music on netflix	E
SearchCreativeWork	 	play the song memories are my only witness	E
PlayMusic	 	play signe anderson chant music that is newest	E
SearchCreativeWork	 	search for the halfway home tv show	E
AddToPlaylist	 	add this song to blues roots	E
RateBook	 	rate this series 2 out of 6	E
SearchCreativeWork	 	i m looking for the pokémon: the movie 2000 tv show	E
AddToPlaylist	 	add song to my wild country playlist	E
PlayMusic	 	play a melody from elmer bernstein	E
SearchScreeningEvent	 	show me movie times for animated movies playing three hours from now in the neighbourhood 	E
PlayMusic	 	play artist vlada divljan from something he did that is good	E
RateBook	 	rate this textbook a 1	E
RateBook	 	give this current book zero out of 6	E
SearchCreativeWork	 	can i get the game list of mew singles	E
RateBook	 	i give this book dictionary of the english language a 4 rating	E
AddToPlaylist	 	i want to add another album to the wine & dine playlist  	E
SearchScreeningEvent	 	can you let me know what animated movies are playing close by	E
SearchScreeningEvent	 	can i get the movies  showtimes for the closest movie house 	E
RateBook	 	give 2 out of 6 points to the following textbook 	E
PlayMusic	 	play a 2006 chant	E
AddToPlaylist	 	add mary wells sings my guy to the electro sur playlist 	E
SearchCreativeWork	 	show me heavenly sword	E
SearchScreeningEvent	 	i d like to see movie schedules for kerasotes theatres	E
AddToPlaylist	 	i would like to add something by kuk harrell to my hip hop 2017 new school playlist	E
AddToPlaylist	 	put coming back to life onto winter music	E
PlayMusic	 	play some latin on zvooq	E
SearchCreativeWork	 	where can i see the television show falling away from me	E
SearchScreeningEvent	 	what movies are playing at mann theatres	E
AddToPlaylist	 	put this tune on dancepop	E
AddToPlaylist	 	can you put musiri subramania iyer s song onto the lo-fi love soundtrack	E
PlayMusic	 	i want to hear major harris s songs from the fifties	E
AddToPlaylist	 	can you add xanadu to latin alternative music	E
SearchCreativeWork	 	i am looking for the tv show called the flight of the lost balloon	E
SearchScreeningEvent	 	find movie times	E
AddToPlaylist	 	add andreas johnson to my rock save the queen playlist	E
PlayMusic	 	play the last sound track by soko from around 1975	E
AddToPlaylist	 	add ian stuart donaldson to canadian country	E
SearchCreativeWork	 	find the video game called turnin me on	E
AddToPlaylist	 	add sabrina salerno to the grime instrumentals playlist	E
RateBook	 	rate this novel a 3	E
SearchScreeningEvent	 	where is the closest cinema playing a drink in the passage	E
AddToPlaylist	 	put a xiang xiang track onto women of the blues	E
PlayMusic	 	play a ballad by bob johnston	E
RateBook	 	rate current essay a zero	E
SearchCreativeWork	 	find a tv series called armageddon summer	E
PlayMusic	 	play some music on slacker	E
RateBook	 	rate a taste of blackberries  a three	E
SearchScreeningEvent	 	show me movie schedule for animated movie around here at eleven a m 	E
RateBook	 	rate the chronicle ten from tomorrow a 2	E
SearchCreativeWork	 	find a video game called young 	E
SearchCreativeWork	 	find reproductions: songs of the human league	E
RateBook	 	i want to give the chronicle zombie bums from uranus 3 points	E
RateBook	 	i would give this current novel 2 stars with a best rating of 6	E
SearchCreativeWork	 	find the family jams saga	E
SearchScreeningEvent	 	find heat wave	E
SearchScreeningEvent	 	is love and other troubles playing	E
RateBook	 	rate maps for lost lovers 1 of 6	E
SearchCreativeWork	 	how can i view the show corpus: a home movie about selena	E
SearchCreativeWork	 	find me the balance and timing book	E
SearchCreativeWork	 	i want to see the television show called cuts both ways	E
SearchCreativeWork	 	what is the tv series in app store	E
RateBook	 	rate this book three points	E
PlayMusic	 	play songs by sarah harding	E
PlayMusic	 	play the track asleep in the deep	E
AddToPlaylist	 	add a gackt camui track to the white noise playlist  	E
SearchScreeningEvent	 	look up the movie schedule	E
AddToPlaylist	 	add jennie  jennie to my metal playlist	E
SearchCreativeWork	 	can you find me the back when i knew it all album	E
AddToPlaylist	 	add the song to the soundscapes for gaming playlist 	E
PlayMusic	 	play pop 2017 picks	E
AddToPlaylist	 	add this track by horace andy to acoustic soul	E
RateBook	 	i give the phishing manual four stars out of 6 	E
AddToPlaylist	 	add this album ny bill callahan to my mi casa es la tuya playlist oficial list 	E
SearchCreativeWork	 	get the video game of the chipmunk song	E
SearchCreativeWork	 	find the via dolorosa: songs of redemption saga	E
PlayMusic	 	play music from clark kent in the year 1987	E
RateBook	 	this textbook gets a two	E
SearchCreativeWork	 	find the work i looked up	E
SearchScreeningEvent	 	can i get the butterfly crush showings	E
SearchCreativeWork	 	play the movie white christmas	E
PlayMusic	 	please play an album from 1987	E
SearchScreeningEvent	 	what time will paris by night aired	E
SearchCreativeWork	 	please find me asking alexandria discography	E
PlayMusic	 	lets hear some dawood sarkhosh from their the power of your love album from groove shark	E
SearchCreativeWork	 	i want to listen to the song only the greatest	E
RateBook	 	i rate doom 3: worlds on fire a 1 of 6	E
AddToPlaylist	 	add tune to my mellow bars playlist	E
SearchCreativeWork	 	play the great adventures of slick rick game	E
AddToPlaylist	 	add this song to my lo que suena new york playlist	E
AddToPlaylist	 	add dwele to marguerite s eurovision 2016 playlist	E
SearchScreeningEvent	 	find movie schedules for bow tie cinemas 	E
SearchCreativeWork	 	play the discografia de the pretty reckless saga	E
SearchScreeningEvent	 	is strauss is playing today at the cineplex odeon corporation	E
AddToPlaylist	 	add this candi staton artist to my dancefloor hits	E
PlayMusic	 	i want to hear any tune from the twenties	E
SearchScreeningEvent	 	what are the mann theatres showtimes for secret sunshine	E
RateBook	 	rate this current novel 1 stars	E
AddToPlaylist	 	add tune to sxsw fresh playlist	E
PlayMusic	 	play yung joc on slacker	E
AddToPlaylist	 	add the song don t drink the water to my playlist	E
SearchCreativeWork	 	find the tv series shaun the sheep	E
PlayMusic	 	play me a nineties sound track	E
PlayMusic	 	play the 1991 soundtrack from ian mcdonald	E
AddToPlaylist	 	add this artist to the laugh list	E
RateBook	 	i rate shadow of suribachi at five stars 	E
AddToPlaylist	 	can you add a track by david wolfenberger to janell s all funked up playlist	E
SearchScreeningEvent	 	show me the nearest movie house showing the luckiest girl in the world	E
SearchCreativeWork	 	find drumline: a new beat  a picture	E
SearchScreeningEvent	 	find the schedule for the solitude of prime numbers at the nearest cinema in 1 hour  	E
SearchScreeningEvent	 	show the movie schedules at united paramount theatres	E
RateBook	 	rate the saint in trouble 1 of 6	E
PlayMusic	 	play rob mills album the golden archipelago 	E
SearchScreeningEvent	 	what time is children of divorce playing	E
AddToPlaylist	 	please add jency anthony to my playlist this is mozart	E
RateBook	 	rate the current book a three	E
SearchCreativeWork	 	show me dangers of the canadian mounted	E
AddToPlaylist	 	add to my playlist all funked up this track	E
PlayMusic	 	play sixties music by giovanni battista guadagnini 	E
SearchScreeningEvent	 	i want to go see the trouble with girls	E
SearchScreeningEvent	 	give me the movie schedules for warren theatres	E
AddToPlaylist	 	add kylie minogue to my novedades viernes sudamérica playlist  	E
AddToPlaylist	 	add in the heart of the world to the epic gaming playlist	E
SearchCreativeWork	 	what is the michael moore is a big fat stupid white man video game	E
SearchScreeningEvent	 	find the movie schedule for films in the area 	E
SearchScreeningEvent	 	what movies can i see in the area	E
PlayMusic	 	play a new symphony by perfecto de castro on lastfm	E
SearchCreativeWork	 	can you find me the magic hour song	E
PlayMusic	 	play ep by arjen anthony lucassen	E
AddToPlaylist	 	add troy van leeuwen to my nu metal list	E
SearchCreativeWork	 	find a man needs a maid	E
SearchCreativeWork	 	show me the everybody wants you picture	E
SearchScreeningEvent	 	show animated movies in nearest movie theatre	E
PlayMusic	 	play punk rock music	E
RateBook	 	i want to give a mortal flower a two	E
RateBook	 	my rating for the eiffel tower and other mythologies is 0 out of 6 stars	E
RateBook	 	rate the book an appeal from the new to the old whigs a 0	E
AddToPlaylist	 	please add this this tune to the playlist this is selena	E
AddToPlaylist	 	for my crossfit playlist add the soul sessions volume 2	E
SearchScreeningEvent	 	is unbeatable harold at century theatres	E
SearchScreeningEvent	 	which is the nearest movie house playing the diary of anne frank	E
AddToPlaylist	 	add circus to my post garage wave revival list	E
SearchCreativeWork	 	show me the movie operetta for the theatre organ	E
AddToPlaylist	 	for my playlist chill add the name cater fe she	E
AddToPlaylist	 	can you add confessions to my playlist called clásica	E
AddToPlaylist	 	i want to add a song by jazz brasileiro	E
AddToPlaylist	 	the workout playlist needs more chris cross	E
PlayMusic	 	open fadl shaker on spotify and play a melody starting with the newest	E
SearchScreeningEvent	 	what movie theatre is showing if the huns came to melbourne	E
SearchScreeningEvent	 	what films are at the nearest cinema	E
SearchCreativeWork	 	find the game just dance greatest hits	E
SearchScreeningEvent	 	what animated movies are showing in the area 	E
AddToPlaylist	 	add list of rush instrumentals to this is lady antebellum	E
SearchScreeningEvent	 	what movies are showing in the neighborhood 	E
SearchCreativeWork	 	find the cold dead hand video game for me	E
AddToPlaylist	 	add nothing fancy to meditate to sounds of nature playlist	E
AddToPlaylist	 	put artist paulinho da costa on my very nearly nashville playlist	E
SearchScreeningEvent	 	will i be able to watch camping-car at movie house at 6 pm	E
SearchCreativeWork	 	where can i see the trailer for love on the beat	E
SearchCreativeWork	 	look for a photograph of i wanna sex you up	E
SearchCreativeWork	 	i want to read the saga michael clayton	E
RateBook	 	rate the beggar of volubilis 1 out of 6	E
PlayMusic	 	can you play any chant from the fourties	E
RateBook	 	rate this book four of 6 points	E
RateBook	 	the current essay gets four points	E
AddToPlaylist	 	add this track to my dinnertime acoustics playist	E
SearchCreativeWork	 	where can i see the movie across the line: the exodus of charlie wright	E
PlayMusic	 	play some jungle music on iheart	E
SearchScreeningEvent	 	what are the current movie schedules	E
AddToPlaylist	 	can you add a track to my spain top 50 playlist	E
RateBook	 	rate the current textbook one of 6 stars	E
PlayMusic	 	plan an album by roni duani 	E
RateBook	 	give 2 stars to the doom brigade	E
AddToPlaylist	 	add this artist to pop 2017 picks	E
AddToPlaylist	 	add turk to the deep house playlist	E
PlayMusic	 	play party anthems	E
SearchScreeningEvent	 	i d like to watch wish you were dead	E
SearchCreativeWork	 	can you pull up queen of the organ	E
RateBook	 	the chronicle charlie peace earns 4 stars from me	E
SearchCreativeWork	 	i am looking for the work: nikki	E
PlayMusic	 	i want to hear the jody williams sound track	E
AddToPlaylist	 	i need to add to the funk soul disco playlist my favorite artist	E
AddToPlaylist	 	add a tune to clásicos del hip hop español	E
SearchCreativeWork	 	i m looking for a movie called salvage mice 	E
AddToPlaylist	 	add git to domingo indie	E
SearchScreeningEvent	 	show me the movie times 	E
SearchCreativeWork	 	find a movie called living in america 	E
SearchScreeningEvent	 	need to see mother joan of the angels in one second 	E
SearchCreativeWork	 	search for the television show me and my guitar	E
PlayMusic	 	play me sun ra songs from the fifties	E
RateBook	 	i would rate that old ace in the hole one stars and a best rating of 6	E
SearchCreativeWork	 	look up the tv series operace silver a	E
SearchCreativeWork	 	i m looking for circus world 	E
AddToPlaylist	 	the sleep machine waterscapes playlist needs some kris chetan ramlu in it  	E
AddToPlaylist	 	add david axelrod to my futuros hits list	E
AddToPlaylist	 	i want a matt garrison tune in my fresh finds fire emoji playlist  	E
AddToPlaylist	 	place this tune onto my dinner for 2 playlist 	E
SearchScreeningEvent	 	she me movie times at mann theatres	E
RateBook	 	give 1 point to current textbook	E
SearchScreeningEvent	 	what time is the clutching hand playing at amco entertainment	E
RateBook	 	rate the manxman 5 out of 6	E
RateBook	 	rate the current chronicle a zero	E
RateBook	 	rate this essay a two out of 6	E
AddToPlaylist	 	add song to siesta	E
PlayMusic	 	play the top 20 ep from the fifties by john bundrick 	E
AddToPlaylist	 	go to my all out 00s and add brian wilson	E
PlayMusic	 	play some symphonic rock 	E
SearchScreeningEvent	 	find the schedule for the band of honest men at the nearest movie theatre 	E
SearchCreativeWork	 	i m hoping you can find a photograph from live at the isle of wight 1970 	E
SearchScreeningEvent	 	list movie times at harkins theatres	E
PlayMusic	 	play sugar baby by frank beard	E
SearchScreeningEvent	 	find the panic in needle park	E
PlayMusic	 	play some last fm music like the 1992 ep from peaches	E
RateBook	 	rate the current novel four out of 6 points	E
RateBook	 	rate this novel five of 6	E
AddToPlaylist	 	add this artist to my post-grunge playlist	E
SearchScreeningEvent	 	show me the schedule of films in the neighbourhood	E
RateBook	 	add the rating for this current series a four out of 6 points	E
AddToPlaylist	 	add album to pop rising	E
RateBook	 	rate awaiting strange gods: weird and lovecraftian fictions a 1	E
AddToPlaylist	 	add nyoil to my this is prince playlist	E
AddToPlaylist	 	i want to add michelle heaton to this is chopin	E
SearchScreeningEvent	 	show the movie times	E
AddToPlaylist	 	add shi xin hui to my piano chill playlist 	E
SearchScreeningEvent	 	can i get the movie times for fox theatres	E
PlayMusic	 	use netflix to play bizzy bone kiss me goodnight  sergeant major	E
SearchScreeningEvent	 	which animated movies are playing in the neighbourhood and when	E
AddToPlaylist	 	put a track by lil mama into my guest list sneaky zebra playlist  	E
SearchCreativeWork	 	find an album called just call me stupid 	E
SearchCreativeWork	 	find a video game called family dog 	E
AddToPlaylist	 	please add ruud jolie to my playlist guest list polygon	E
PlayMusic	 	play some kyle ward from the seventies	E
SearchScreeningEvent	 	what time is holiday heart showing at the movie house	E
RateBook	 	rate the book english grammar in use a five	E
PlayMusic	 	play an andy silvester sound track from the thirties on spotify	E
AddToPlaylist	 	add another tune to my pumping iron playlist  	E
RateBook	 	rate the current chronicle series 3 out of 6 points	E
SearchCreativeWork	 	find a tv show called ruthless	E
PlayMusic	 	play geddy lee music on spotify sort by top	E
SearchScreeningEvent	 	where s the nearest movie house playing no trains no planes	E
SearchScreeningEvent	 	show me movie schedules	E
AddToPlaylist	 	add the artist cho kyu hyun to funky jams	E
AddToPlaylist	 	i d like for you to put this artist to my evening commute playlist 	E
SearchCreativeWork	 	find the picture ultima vi: the false prophet	E
SearchScreeningEvent	 	what time is beat the devil coming on at mann theatres	E
AddToPlaylist	 	please add a track to my playlist called this is coti	E
SearchCreativeWork	 	show creativity of photograph of my wonderful day	E
PlayMusic	 	play a top-50 tune from 1982 	E
AddToPlaylist	 	add karusellen to jazz brasileiro	E
PlayMusic	 	play music on spotify 	E
SearchCreativeWork	 	show the tv show the last samurai 	E
SearchCreativeWork	 	find politicsnation with al sharpton 	E
AddToPlaylist	 	add patti page album to i love my neo soul	E
SearchScreeningEvent	 	find on dress parade	E
AddToPlaylist	 	add an album by twink to my classic country playlist	E
PlayMusic	 	please play the newest music by evil jared hasselhoff	E
SearchCreativeWork	 	find your personal touch 	E
PlayMusic	 	play track music from peter finestone on netflix sort by newest	E
AddToPlaylist	 	add spirit touches ground to my leche con chocolate list	E
RateBook	 	i want to give the current textbook 0 out of 6 stars	E
PlayMusic	 	play journey list	E
RateBook	 	rate cuisines of the axis of evil and other irritating states one out of 6	E
SearchScreeningEvent	 	what is the showtime for arsho	E
SearchScreeningEvent	 	show me the closest movie house playing an unfinished life at eight pm 	E
AddToPlaylist	 	add get happy to cherry s las canciones más lindas del mundo	E
RateBook	 	the last hawk gets a total of 3 out of 6 stars from me	E
PlayMusic	 	play some nineties music	E
SearchScreeningEvent	 	i d like to know when i can see the taking of flight 847: the uli derickson story at amco entertainment 	E
SearchCreativeWork	 	listen to dragon ball: music collection	E
AddToPlaylist	 	add star light  star bright to my jazz classics playlist  	E
AddToPlaylist	 	add even serpents shine to dorothea s indie hipster playlist	E
AddToPlaylist	 	add rupee to my ultra metal playlist	E
AddToPlaylist	 	add song to my underground hits	E
SearchScreeningEvent	 	show me when scandalous john is playing 	E
SearchCreativeWork	 	where can i watch tv series shopping spree	E
PlayMusic	 	play the red room sessions from chris cunningham	E
SearchScreeningEvent	 	what time is southern theatres showing ukraine is not a brothel	E
AddToPlaylist	 	add hanging on to my just dance by aftercluv playlist 	E
AddToPlaylist	 	add fabri fibra to evening acoustic	E
SearchCreativeWork	 	where can i purchase the tv show time for heroes	E
AddToPlaylist	 	add wing track to all a cappella	E
PlayMusic	 	play some theme songs from 1974	E
SearchScreeningEvent	 	what animated movies are playing nearby	E
SearchScreeningEvent	 	i d like to watch may blossom	E
PlayMusic	 	play tujiko noriko s ten years and running 	E
AddToPlaylist	 	add song in my playlist dance workout	E
PlayMusic	 	play music from itunes for ric grech	E
AddToPlaylist	 	add i dreamt of a dragon to my futuros hits playlist  	E
PlayMusic	 	play the song shine a light	E
AddToPlaylist	 	i want to add digital line to my playlist called infantil	E
PlayMusic	 	play moondog s chupacabra 	E
RateBook	 	rate wielding a red sword 0 stars	E
AddToPlaylist	 	put some frank ferrer into my edna st vincent millay playlist  	E
SearchScreeningEvent	 	find the movie schedules for animated movies nearby at 09:44 am 	E
SearchScreeningEvent	 	in one hour find king of hearts	E
AddToPlaylist	 	can jovino santos neto s album get added to my confidence boost playlist	E
SearchCreativeWork	 	play the video game the genesis machine	E
AddToPlaylist	 	add leah kauffman to my uncharted 4 nathan drake playlist	E
RateBook	 	a day no pigs would die deserves a best rating of 6 and a value of 4	E
PlayMusic	 	play the greatest soundtrack by nhat son on last fm 	E
RateBook	 	i would give french poets and novelists a best rating of 6 and a value of three	E
PlayMusic	 	play a song by nash the slash	E
RateBook	 	rate this album two out of 6	E
RateBook	 	rate the key word and other mysteries 4 of 6	E
SearchScreeningEvent	 	what animated movies are playing at the closest movie theatre	E
AddToPlaylist	 	add armand van helden to my black sabbath the ozzy years playlist	E
AddToPlaylist	 	put nothing remains the same on my summer music playlist	E
PlayMusic	 	play a 2001 sound track on deezer 	E
SearchCreativeWork	 	please search the ironbound picture 	E
SearchCreativeWork	 	where can i view the picture reaching horizons	E
RateBook	 	rate this textbook a zero	E
SearchScreeningEvent	 	when is fine  totally fine playing	E
SearchScreeningEvent	 	show me movie time for i am sorry  at my movie house	E
SearchCreativeWork	 	i want to watch supernatural: the unseen powers of animals	E
SearchScreeningEvent	 	what film is playing nearby	E
SearchScreeningEvent	 	find a movie house for 07:52 showing ganges: river to heaven	E
PlayMusic	 	turn on spotify to tiny tim ep	E
SearchScreeningEvent	 	list movie schedules for movies playing close by	E
PlayMusic	 	play a track by mila islam from deezer	E
AddToPlaylist	 	add born free to fresh r&b	E
AddToPlaylist	 	add the blurred crusade to crate diggers anonymous	E
SearchScreeningEvent	 	show me the schedule of the loves of letty in cinema closest	E
SearchScreeningEvent	 	what animated movies are playing in the neighbourhood and when	E
SearchCreativeWork	 	show crafty hands saga	E
SearchCreativeWork	 	show 50 words for snow creative picture	E
PlayMusic	 	please play me a popular track from 1984 	E
PlayMusic	 	please play bitch please ii	E
PlayMusic	 	play is this my world by leo arnaud	E
PlayMusic	 	play some sixties music 	E
SearchCreativeWork	 	please search the young warriors game 	E
AddToPlaylist	 	add george thorogood to el mejor rock en español	E
SearchScreeningEvent	 	what is dear old girl cooper foundation	E
SearchCreativeWork	 	find the path to power 	E
RateBook	 	the book history by contract is rated five stars in my opinion 	E
PlayMusic	 	play the album how insensitive	E
SearchCreativeWork	 	i want to play the video game espn major league soccer	E
SearchCreativeWork	 	where can i find thor meets captain america	E
SearchCreativeWork	 	find conker: live and reloaded	E
SearchScreeningEvent	 	what are the movies movie times nearby	E
SearchScreeningEvent	 	can i have the movie schedule for imax corporation	E
PlayMusic	 	play the album vibrations by marion elise raven	E
SearchCreativeWork	 	find love will tear us apart  a photograph	E
SearchCreativeWork	 	get jump down painting	E
PlayMusic	 	play arif music from the fourties 	E
SearchCreativeWork	 	show the night riders	E
RateBook	 	for the current saga i rate 2 of 6 stars	E
SearchScreeningEvent	 	show me the current movie times	E
RateBook	 	i want to rate the ingenuity gap 3 out of 6	E
SearchScreeningEvent	 	find worldly goods starting now at a movie house	E
PlayMusic	 	play the last wellman braud album relaesd 	E
RateBook	 	put four rating on the raging quiet	E
SearchScreeningEvent	 	show movie schedule	E
SearchScreeningEvent	 	tell me what films are playing at plitt theatres	E
SearchScreeningEvent	 	find time for movie times now	E
SearchCreativeWork	 	find a television show called swing high 	E
SearchCreativeWork	 	find tv series titled a life in the death of joe meek	E
PlayMusic	 	play the best album from the seventies	E
SearchScreeningEvent	 	are any animated movies playing at magic johnson theatres	E
PlayMusic	 	do you have something like impossible is nothing by abderrahmane abdelli	E
SearchCreativeWork	 	play the new noise theology e p 	E
AddToPlaylist	 	add to the rock games	E
SearchScreeningEvent	 	what time is goodbye mothers playing	E
SearchCreativeWork	 	search for the complots	E
SearchCreativeWork	 	find a saga called set sail the prairie	E
RateBook	 	rate this textbook 2 out of 6	E
RateBook	 	i rate the chronicle  son of the tree with four of 6 points 	E
AddToPlaylist	 	add the da brat track to the soak up the sun playlist 	E
SearchScreeningEvent	 	where can i see a slice of life	E
SearchCreativeWork	 	show creativity of song a discord electric	E
AddToPlaylist	 	put this album on my wild country playlist	E
PlayMusic	 	can i listen to dj vibe s top 10	E
SearchScreeningEvent	 	when is just before nightfall playing	E
SearchCreativeWork	 	pull up sweeney todd - il diabolico barbiere di fleet street	E
RateBook	 	give private games 3 stars out of 6	E
SearchCreativeWork	 	show creative photograph of icewind dale: heart of winter	E
RateBook	 	give the current book five stars out of 6 	E
AddToPlaylist	 	add rob tyner to betsy s we everywhere	E
AddToPlaylist	 	add no prejudice to 90s indie	E
RateBook	 	rate in the eyes of mr  fury zero of 6	E
PlayMusic	 	play some james cleveland 	E
RateBook	 	give the current album a five 	E
SearchScreeningEvent	 	tell me what animated movies i can see at the closest movie theatre	E
SearchCreativeWork	 	show me the photograph johnny cash: the complete columbia album collection	E
SearchCreativeWork	 	can you tell me the actors of the saga awards/	E
SearchScreeningEvent	 	find movie schedules for  united paramount theatres 	E
SearchCreativeWork	 	search for teenage mutant hero turtles: fall of the foot clan photograph	E
AddToPlaylist	 	add this ruth crawford seeger song to my playlist called the soundtrack 007	E
PlayMusic	 	play the top melody from artist maakii	E
RateBook	 	rate lamy of santa fe 5 of 6 stars	E
AddToPlaylist	 	add pangaea to my gold edition playlist	E
AddToPlaylist	 	i want to add hind etin to my la mejor música dance 2017 playlist	E
SearchScreeningEvent	 	i d like to know what movies are on the movie schedules nearby 	E
RateBook	 	award this current novel 0 points	E
AddToPlaylist	 	please add this track to my de camino playlist	E
AddToPlaylist	 	add tune to my metal crash course playlist	E
RateBook	 	rate this novel 0 of 6 stars	E
RateBook	 	rate this album 0 points out of 6	E
AddToPlaylist	 	i want these are the days added to my spotlight spain 2016 playlist  	E
AddToPlaylist	 	i want to put look to you on the playlist named 80s classic hits	E
RateBook	 	rate this book titled the improvisatore five stars	E
SearchCreativeWork	 	i d like to see the trailer tony parker	E
PlayMusic	 	play some folk-rock music	E
RateBook	 	rate canto for a gypsy two of 6 stars	E
AddToPlaylist	 	i need to have pat alger s album placed onto the spotlight spain 2016 playlist 	E
PlayMusic	 	play kurt cobain ballad tunes	E
SearchScreeningEvent	 	i need current movie schedules 	E
